{"class_name": "Sequential", "backend": "tensorflow", "config": [{"class_name": "Conv2D", "config": {"activation": "relu", "trainable": true, "strides": [1, 1], "kernel_constraint": null, "padding": "same", "batch_input_shape": [null, 1, 20, 30], "bias_regularizer": null, "activity_regularizer": null, "kernel_initializer": {"class_name": "VarianceScaling", "config": {"distribution": "uniform", "scale": 1.0, "seed": null, "mode": "fan_avg"}}, "kernel_regularizer": null, "kernel_size": [9, 9], "filters": 32, "dtype": "float32", "use_bias": true, "data_format": "channels_first", "bias_initializer": {"class_name": "Zeros", "config": {}}, "dilation_rate": [1, 1], "name": "conv2d_1", "bias_constraint": null}}, {"class_name": "Dropout", "config": {"name": "dropout_1", "rate": 0.4, "trainable": true}}, {"class_name": "Conv2D", "config": {"activation": "relu", "trainable": true, "strides": [1, 1], "padding": "same", "bias_regularizer": null, "activity_regularizer": null, "kernel_initializer": {"class_name": "VarianceScaling", "config": {"distribution": "uniform", "scale": 1.0, "seed": null, "mode": "fan_avg"}}, "kernel_regularizer": null, "kernel_size": [3, 3], "filters": 32, "kernel_constraint": null, "use_bias": true, "data_format": "channels_first", "bias_initializer": {"class_name": "Zeros", "config": {}}, "dilation_rate": [1, 1], "name": "conv2d_2", "bias_constraint": null}}, {"class_name": "MaxPooling2D", "config": {"name": "max_pooling2d_1", "strides": [2, 2], "pool_size": [2, 2], "padding": "valid", "data_format": "channels_first", "trainable": true}}, {"class_name": "Conv2D", "config": {"activation": "relu", "trainable": true, "strides": [1, 1], "padding": "same", "bias_regularizer": null, "activity_regularizer": null, "kernel_initializer": {"class_name": "VarianceScaling", "config": {"distribution": "uniform", "scale": 1.0, "seed": null, "mode": "fan_avg"}}, "kernel_regularizer": null, "kernel_size": [6, 6], "filters": 64, "kernel_constraint": null, "use_bias": true, "data_format": "channels_first", "bias_initializer": {"class_name": "Zeros", "config": {}}, "dilation_rate": [1, 1], "name": "conv2d_3", "bias_constraint": null}}, {"class_name": "Dropout", "config": {"name": "dropout_2", "rate": 0.4, "trainable": true}}, {"class_name": "Conv2D", "config": {"activation": "relu", "trainable": true, "strides": [1, 1], "padding": "same", "bias_regularizer": null, "activity_regularizer": null, "kernel_initializer": {"class_name": "VarianceScaling", "config": {"distribution": "uniform", "scale": 1.0, "seed": null, "mode": "fan_avg"}}, "kernel_regularizer": null, "kernel_size": [3, 3], "filters": 64, "kernel_constraint": null, "use_bias": true, "data_format": "channels_first", "bias_initializer": {"class_name": "Zeros", "config": {}}, "dilation_rate": [1, 1], "name": "conv2d_4", "bias_constraint": null}}, {"class_name": "MaxPooling2D", "config": {"name": "max_pooling2d_2", "strides": [2, 2], "pool_size": [2, 2], "padding": "valid", "data_format": "channels_first", "trainable": true}}, {"class_name": "Conv2D", "config": {"activation": "relu", "trainable": true, "strides": [1, 1], "padding": "same", "bias_regularizer": null, "activity_regularizer": null, "kernel_initializer": {"class_name": "VarianceScaling", "config": {"distribution": "uniform", "scale": 1.0, "seed": null, "mode": "fan_avg"}}, "kernel_regularizer": null, "kernel_size": [3, 3], "filters": 128, "kernel_constraint": null, "use_bias": true, "data_format": "channels_first", "bias_initializer": {"class_name": "Zeros", "config": {}}, "dilation_rate": [1, 1], "name": "conv2d_5", "bias_constraint": null}}, {"class_name": "Dropout", "config": {"name": "dropout_3", "rate": 0.4, "trainable": true}}, {"class_name": "MaxPooling2D", "config": {"name": "max_pooling2d_3", "strides": [2, 2], "pool_size": [2, 2], "padding": "valid", "data_format": "channels_first", "trainable": true}}, {"class_name": "Flatten", "config": {"name": "flatten_1", "trainable": true}}, {"class_name": "Dropout", "config": {"name": "dropout_4", "rate": 0.4, "trainable": true}}, {"class_name": "Dense", "config": {"activation": "relu", "units": 1024, "trainable": true, "activity_regularizer": null, "kernel_initializer": {"class_name": "VarianceScaling", "config": {"distribution": "uniform", "scale": 1.0, "seed": null, "mode": "fan_avg"}}, "kernel_regularizer": null, "name": "dense_1", "kernel_constraint": {"class_name": "MaxNorm", "config": {"max_value": 3, "axis": 0}}, "use_bias": true, "bias_initializer": {"class_name": "Zeros", "config": {}}, "bias_regularizer": null, "bias_constraint": null}}, {"class_name": "Dropout", "config": {"name": "dropout_5", "rate": 0.4, "trainable": true}}, {"class_name": "Dense", "config": {"activation": "softmax", "units": 26, "trainable": true, "activity_regularizer": null, "kernel_initializer": {"class_name": "VarianceScaling", "config": {"distribution": "uniform", "scale": 1.0, "seed": null, "mode": "fan_avg"}}, "kernel_regularizer": null, "name": "dense_2", "kernel_constraint": null, "use_bias": true, "bias_initializer": {"class_name": "Zeros", "config": {}}, "bias_regularizer": null, "bias_constraint": null}}], "keras_version": "2.0.8"}