{"class_name": "Sequential", "config": [{"class_name": "Conv2D", "config": {"activity_regularizer": null, "kernel_size": [9, 9], "dtype": "float32", "use_bias": true, "bias_initializer": {"class_name": "Zeros", "config": {}}, "padding": "same", "batch_input_shape": [null, 1, 20, 30], "kernel_regularizer": null, "bias_constraint": null, "name": "conv2d_1", "dilation_rate": [1, 1], "kernel_initializer": {"class_name": "VarianceScaling", "config": {"scale": 1.0, "seed": null, "mode": "fan_avg", "distribution": "uniform"}}, "bias_regularizer": null, "trainable": true, "activation": "relu", "filters": 32, "strides": [1, 1], "data_format": "channels_first", "kernel_constraint": null}}, {"class_name": "Dropout", "config": {"trainable": true, "name": "dropout_1", "rate": 0.4}}, {"class_name": "Conv2D", "config": {"activity_regularizer": null, "kernel_size": [3, 3], "filters": 32, "use_bias": true, "bias_initializer": {"class_name": "Zeros", "config": {}}, "kernel_regularizer": null, "padding": "same", "name": "conv2d_2", "dilation_rate": [1, 1], "kernel_initializer": {"class_name": "VarianceScaling", "config": {"scale": 1.0, "seed": null, "mode": "fan_avg", "distribution": "uniform"}}, "bias_regularizer": null, "trainable": true, "activation": "relu", "bias_constraint": null, "strides": [1, 1], "data_format": "channels_first", "kernel_constraint": null}}, {"class_name": "Conv2D", "config": {"activity_regularizer": null, "kernel_size": [3, 3], "filters": 32, "use_bias": true, "bias_initializer": {"class_name": "Zeros", "config": {}}, "kernel_regularizer": null, "padding": "same", "name": "conv2d_3", "dilation_rate": [1, 1], "kernel_initializer": {"class_name": "VarianceScaling", "config": {"scale": 1.0, "seed": null, "mode": "fan_avg", "distribution": "uniform"}}, "bias_regularizer": null, "trainable": true, "activation": "relu", "bias_constraint": null, "strides": [1, 1], "data_format": "channels_first", "kernel_constraint": null}}, {"class_name": "MaxPooling2D", "config": {"padding": "valid", "strides": [2, 2], "trainable": true, "pool_size": [2, 2], "data_format": "channels_first", "name": "max_pooling2d_1"}}, {"class_name": "Conv2D", "config": {"activity_regularizer": null, "kernel_size": [6, 6], "filters": 64, "use_bias": true, "bias_initializer": {"class_name": "Zeros", "config": {}}, "kernel_regularizer": null, "padding": "same", "name": "conv2d_4", "dilation_rate": [1, 1], "kernel_initializer": {"class_name": "VarianceScaling", "config": {"scale": 1.0, "seed": null, "mode": "fan_avg", "distribution": "uniform"}}, "bias_regularizer": null, "trainable": true, "activation": "relu", "bias_constraint": null, "strides": [1, 1], "data_format": "channels_first", "kernel_constraint": null}}, {"class_name": "Dropout", "config": {"trainable": true, "name": "dropout_2", "rate": 0.4}}, {"class_name": "Conv2D", "config": {"activity_regularizer": null, "kernel_size": [3, 3], "filters": 64, "use_bias": true, "bias_initializer": {"class_name": "Zeros", "config": {}}, "kernel_regularizer": null, "padding": "same", "name": "conv2d_5", "dilation_rate": [1, 1], "kernel_initializer": {"class_name": "VarianceScaling", "config": {"scale": 1.0, "seed": null, "mode": "fan_avg", "distribution": "uniform"}}, "bias_regularizer": null, "trainable": true, "activation": "relu", "bias_constraint": null, "strides": [1, 1], "data_format": "channels_first", "kernel_constraint": null}}, {"class_name": "MaxPooling2D", "config": {"padding": "valid", "strides": [2, 2], "trainable": true, "pool_size": [2, 2], "data_format": "channels_first", "name": "max_pooling2d_2"}}, {"class_name": "Conv2D", "config": {"activity_regularizer": null, "kernel_size": [3, 3], "filters": 128, "use_bias": true, "bias_initializer": {"class_name": "Zeros", "config": {}}, "kernel_regularizer": null, "padding": "same", "name": "conv2d_6", "dilation_rate": [1, 1], "kernel_initializer": {"class_name": "VarianceScaling", "config": {"scale": 1.0, "seed": null, "mode": "fan_avg", "distribution": "uniform"}}, "bias_regularizer": null, "trainable": true, "activation": "relu", "bias_constraint": null, "strides": [1, 1], "data_format": "channels_first", "kernel_constraint": null}}, {"class_name": "Dropout", "config": {"trainable": true, "name": "dropout_3", "rate": 0.4}}, {"class_name": "MaxPooling2D", "config": {"padding": "valid", "strides": [2, 2], "trainable": true, "pool_size": [2, 2], "data_format": "channels_first", "name": "max_pooling2d_3"}}, {"class_name": "Flatten", "config": {"trainable": true, "name": "flatten_1"}}, {"class_name": "Dropout", "config": {"trainable": true, "name": "dropout_4", "rate": 0.4}}, {"class_name": "Dense", "config": {"activity_regularizer": null, "kernel_constraint": {"class_name": "MaxNorm", "config": {"max_value": 3, "axis": 0}}, "use_bias": true, "bias_initializer": {"class_name": "Zeros", "config": {}}, "kernel_regularizer": null, "name": "dense_1", "bias_constraint": null, "kernel_initializer": {"class_name": "VarianceScaling", "config": {"scale": 1.0, "seed": null, "mode": "fan_avg", "distribution": "uniform"}}, "bias_regularizer": null, "trainable": true, "activation": "relu", "units": 1024}}, {"class_name": "Dropout", "config": {"trainable": true, "name": "dropout_5", "rate": 0.4}}, {"class_name": "Dense", "config": {"activity_regularizer": null, "kernel_constraint": null, "use_bias": true, "bias_initializer": {"class_name": "Zeros", "config": {}}, "kernel_regularizer": null, "name": "dense_2", "bias_constraint": null, "kernel_initializer": {"class_name": "VarianceScaling", "config": {"scale": 1.0, "seed": null, "mode": "fan_avg", "distribution": "uniform"}}, "bias_regularizer": null, "trainable": true, "activation": "softmax", "units": 26}}], "keras_version": "2.0.8", "backend": "tensorflow"}