{"backend": "tensorflow", "class_name": "Sequential", "keras_version": "2.0.8", "config": [{"class_name": "Conv2D", "config": {"filters": 32, "kernel_regularizer": null, "name": "conv2d_1", "kernel_constraint": null, "padding": "same", "batch_input_shape": [null, 1, 20, 30], "kernel_initializer": {"class_name": "VarianceScaling", "config": {"scale": 1.0, "mode": "fan_avg", "seed": null, "distribution": "uniform"}}, "use_bias": true, "activation": "relu", "data_format": "channels_first", "dilation_rate": [1, 1], "bias_constraint": null, "bias_regularizer": null, "trainable": true, "activity_regularizer": null, "kernel_size": [9, 9], "dtype": "float32", "strides": [1, 1], "bias_initializer": {"class_name": "Zeros", "config": {}}}}, {"class_name": "Dropout", "config": {"trainable": true, "name": "dropout_1", "rate": 0.4}}, {"class_name": "Conv2D", "config": {"filters": 32, "kernel_regularizer": null, "name": "conv2d_2", "kernel_constraint": null, "padding": "same", "kernel_initializer": {"class_name": "VarianceScaling", "config": {"scale": 1.0, "mode": "fan_avg", "seed": null, "distribution": "uniform"}}, "dilation_rate": [1, 1], "use_bias": true, "data_format": "channels_first", "bias_constraint": null, "bias_regularizer": null, "trainable": true, "activity_regularizer": null, "kernel_size": [3, 3], "activation": "relu", "strides": [1, 1], "bias_initializer": {"class_name": "Zeros", "config": {}}}}, {"class_name": "MaxPooling2D", "config": {"data_format": "channels_first", "name": "max_pooling2d_1", "trainable": true, "padding": "valid", "pool_size": [2, 2], "strides": [2, 2]}}, {"class_name": "Conv2D", "config": {"filters": 64, "kernel_regularizer": null, "name": "conv2d_3", "kernel_constraint": null, "padding": "same", "kernel_initializer": {"class_name": "VarianceScaling", "config": {"scale": 1.0, "mode": "fan_avg", "seed": null, "distribution": "uniform"}}, "dilation_rate": [1, 1], "use_bias": true, "data_format": "channels_first", "bias_constraint": null, "bias_regularizer": null, "trainable": true, "activity_regularizer": null, "kernel_size": [6, 6], "activation": "relu", "strides": [1, 1], "bias_initializer": {"class_name": "Zeros", "config": {}}}}, {"class_name": "Dropout", "config": {"trainable": true, "name": "dropout_2", "rate": 0.4}}, {"class_name": "Conv2D", "config": {"filters": 64, "kernel_regularizer": null, "name": "conv2d_4", "kernel_constraint": null, "padding": "same", "kernel_initializer": {"class_name": "VarianceScaling", "config": {"scale": 1.0, "mode": "fan_avg", "seed": null, "distribution": "uniform"}}, "dilation_rate": [1, 1], "use_bias": true, "data_format": "channels_first", "bias_constraint": null, "bias_regularizer": null, "trainable": true, "activity_regularizer": null, "kernel_size": [3, 3], "activation": "relu", "strides": [1, 1], "bias_initializer": {"class_name": "Zeros", "config": {}}}}, {"class_name": "MaxPooling2D", "config": {"data_format": "channels_first", "name": "max_pooling2d_2", "trainable": true, "padding": "valid", "pool_size": [2, 2], "strides": [2, 2]}}, {"class_name": "Conv2D", "config": {"filters": 128, "kernel_regularizer": null, "name": "conv2d_5", "kernel_constraint": null, "padding": "same", "kernel_initializer": {"class_name": "VarianceScaling", "config": {"scale": 1.0, "mode": "fan_avg", "seed": null, "distribution": "uniform"}}, "dilation_rate": [1, 1], "use_bias": true, "data_format": "channels_first", "bias_constraint": null, "bias_regularizer": null, "trainable": true, "activity_regularizer": null, "kernel_size": [3, 3], "activation": "relu", "strides": [1, 1], "bias_initializer": {"class_name": "Zeros", "config": {}}}}, {"class_name": "Dropout", "config": {"trainable": true, "name": "dropout_3", "rate": 0.4}}, {"class_name": "MaxPooling2D", "config": {"data_format": "channels_first", "name": "max_pooling2d_3", "trainable": true, "padding": "valid", "pool_size": [2, 2], "strides": [2, 2]}}, {"class_name": "Flatten", "config": {"name": "flatten_1", "trainable": true}}, {"class_name": "Dropout", "config": {"trainable": true, "name": "dropout_4", "rate": 0.4}}, {"class_name": "Dense", "config": {"kernel_regularizer": null, "name": "dense_1", "kernel_constraint": {"class_name": "MaxNorm", "config": {"axis": 0, "max_value": 3}}, "kernel_initializer": {"class_name": "VarianceScaling", "config": {"scale": 1.0, "mode": "fan_avg", "seed": null, "distribution": "uniform"}}, "use_bias": true, "activation": "relu", "bias_regularizer": null, "bias_constraint": null, "trainable": true, "activity_regularizer": null, "units": 1024, "bias_initializer": {"class_name": "Zeros", "config": {}}}}, {"class_name": "Dropout", "config": {"trainable": true, "name": "dropout_5", "rate": 0.4}}, {"class_name": "Dense", "config": {"kernel_regularizer": null, "name": "dense_2", "kernel_constraint": null, "kernel_initializer": {"class_name": "VarianceScaling", "config": {"scale": 1.0, "mode": "fan_avg", "seed": null, "distribution": "uniform"}}, "use_bias": true, "activation": "softmax", "bias_regularizer": null, "bias_constraint": null, "trainable": true, "activity_regularizer": null, "units": 10, "bias_initializer": {"class_name": "Zeros", "config": {}}}}]}